{"cameraMode":{"drawMode":0,"name":"Shaded","section":"Shading Mode"},"sceneLighting":true,"audioPlay":false,"sceneViewState":{"showFog":true,"showMaterialUpdate":false,"showSkybox":true,"showFlares":true,"showImageEffects":true,"showParticleSystems":true},"in2DMode":false,"pivot":{"x":534.2423706054688,"y":275.9706726074219,"z":-13.773039817810059},"rotation":{"x":0.022188503295183183,"y":-0.002402467653155327,"z":-0.00005319533738656901,"w":-0.9997552037239075},"size":619.8926391601563,"orthographic":true}