{"cameraMode":{"drawMode":0,"name":"Shaded","section":"Shading Mode"},"sceneLighting":true,"audioPlay":false,"sceneViewState":{"showFog":true,"showMaterialUpdate":false,"showSkybox":true,"showFlares":true,"showImageEffects":true,"showParticleSystems":true},"in2DMode":false,"pivot":{"x":-6.997413158416748,"y":-14.191108703613282,"z":2.8911116123199465},"rotation":{"x":-0.6938341856002808,"y":0.003670897101983428,"z":-0.0035373896826058628,"w":-0.7201198935508728},"size":115.8395004272461,"orthographic":false}