{"cameraMode":{"drawMode":0,"name":"Shaded","section":"Shading Mode"},"sceneLighting":false,"audioPlay":false,"sceneViewState":{"showFog":true,"showMaterialUpdate":false,"showSkybox":false,"showFlares":true,"showImageEffects":true,"showParticleSystems":true},"in2DMode":false,"pivot":{"x":0.2871667742729187,"y":-2.169879913330078,"z":-6.208928108215332},"rotation":{"x":0.009503394365310669,"y":0.8948262333869934,"z":-0.4459173083305359,"w":0.01906156912446022},"size":53.38216018676758,"orthographic":false}